3.SRI LANKAN NATIONAL ANTHEM ( Jaya Thuthi We - Very Old) ,-157.059708148,99.3840144231,1.07142568595e-06
Aadambaree ,-167.496536721,161.499023438,-1.12080697363e-05
